,created_at,id_str,text,longitude,latitude
1,2019-09-29 6:09:07,1.1781899453385482e+18,The outside may look the same but the inside of the Hyde Park Barracks is changing üèóüèóüèó Installing a lift into a‚Ä¶ https://t.co/nQvF7eFI4H,151.2124115,-33.86967265
3,2019-09-29 6:08:59,1.1781899103916278e+18,"Opening in early 2020, the new Hyde Park Barracks experience will display &gt;4000 original objects from the‚Ä¶ https://t.co/VgNYqr5LDz",151.2124115,-33.86967265
5,2019-09-29 6:08:48,1.1781898672110797e+18,The Hyde Park Barracks is a @unesco World Heritage site in the historic heart of Sydney. This @sydlivmus property w‚Ä¶ https://t.co/Uq3mV2fHYS,151.2124115,-33.86967265
7,2019-09-29 6:08:38,1.17818982380424e+18,"Following a major renewal, the @unesco World Heritage listed Hyde Park Barracks is reopening in early 2020 üîêüîêüîê‚Ä¶ https://t.co/QIeHyWaBGW",151.2124115,-33.86967265
9,2019-09-29 4:00:32,1.1781575854526792e+18,Updated: Construction on #RonkonkomaBranch Both directions from Hicksville Station to New Hyde Park https://t.co/RvG7G6LufY,-73.526123,40.768058
11,2019-09-29 4:00:30,1.178157579584901e+18,Updated: Construction on #PortJeffersonBranch Both directions from Hicksville Station to New Hyde Park Station https://t.co/zKh2D6hFOf,-73.526123,40.768058
13,2019-09-29 4:00:30,1.1781575769927598e+18,Updated: Construction on #MainLine Both directions at New Hyde Park https://t.co/dom8GVf24F,-73.67987600000001,40.731217
15,2019-09-29 4:00:28,1.178157570936234e+18,Updated: Construction on #RonkonkomaBranch Both directions from Hicksville Station to New Hyde Park https://t.co/IrYiC514yy,-73.526123,40.768058
17,2019-09-29 4:00:26,1.1781575628244664e+18,Updated: Construction on #PortJeffersonBranch Both directions from Hicksville Station to New Hyde Park Station https://t.co/s9ZxIiGC0m,-73.526123,40.768058
19,2019-09-29 3:59:20,1.1781572857570673e+18,Cleared: Construction on #RonkonkomaBranch Both directions from Hicksville Station to New Hyde Park,-73.526123,40.768058
21,2019-09-29 3:59:20,1.1781572832782418e+18,Cleared: Construction on #RonkonkomaBranch Both directions from Hicksville Station to New Hyde Park,-73.526123,40.768058
23,2019-09-29 3:59:19,1.178157281650905e+18,Cleared: Construction on #MainLine Both directions at New Hyde Park,-73.67987600000001,40.731217
25,2019-09-29 3:58:32,1.1781570841914e+18,Cleared: Construction on #PortJeffersonBranch Both directions from Hicksville Station to New Hyde Park Station,-73.526123,40.768058
27,2019-09-29 3:58:32,1.178157083960791e+18,Cleared: Construction on #PortJeffersonBranch Both directions from Hicksville Station to New Hyde Park Station,-73.526123,40.768058
29,2019-09-29 3:33:03,1.1781506714990387e+18,"I'm at Hyde Park in Tampa, FL https://t.co/0L8bAsmdl6",-82.47672732,27.93507926
31,2019-09-29 1:56:51,1.1781264590151844e+18,Perfect #datenight #fallfestival @ Hyde Park Village https://t.co/vB0VjhFMQg,-82.4756551,27.936468400000003
33,2019-09-29 1:49:46,1.1781246777947832e+18,"True Story. #theend @ Hyde Park (Austin, Texas) https://t.co/cBvxdJjH0I",-97.730278,30.3075
35,2019-09-29 1:22:51,1.1781179037801267e+18,My boys spoiled me #birthdaygirl #momofboysüíôüíôüíô #love #family #liveyourbestlife @ Hyde Park https://t.co/1Ifue3pHtJ,-81.3314006,43.012581299999994
37,2019-09-29 0:56:27,1.1781112629344092e+18,My heart ‚ô•Ô∏è my world üåé my reason for beingüíñ they bring me life/joy/happiness/craziness/love/laughter #momofboysüíôüíôüíô‚Ä¶ https://t.co/FKuV5aZdxg,-81.3314006,43.012581299999994
39,2019-09-29 0:15:58,1.17810107109444e+18,#Sydney #Skyline #Australia @ Sheraton Grand Sydney Hyde Park https://t.co/VIIs8KTJMG,151.2095869,-33.8714912
41,2019-09-28 23:11:46,1.178084916652839e+18,"Turisteando :) (@ Hyde Park - @cityofsydney in Sydney, NSW) https://t.co/9QUx73Ihh3 https://t.co/QhVBAKjOj4",151.21067390000002,-33.87327061
43,2019-09-28 22:20:25,1.178071993377284e+18,"Homecoming dance #highschool #homecoming #highschooldance #myson @ Hyde Park, Chicago https://t.co/u6Ut8y9wSp",-87.59,41.8
45,2019-09-28 22:15:19,1.1780707099076772e+18,#daddydaughter date night starts with a steak dinner. @ Hyde Park Prime Steakhouse - Indianapolis https://t.co/e0hRj7TBmt,-86.1596849,39.768192799999994
47,2019-09-28 21:36:31,1.1780609475645153e+18,Kensington Gardens and Hyde Park @ Kensington Gardens https://t.co/4JAtOiUVDT,-0.18027778,51.50722222
49,2019-09-28 19:49:21,1.1780339773970022e+18,Cleared: Incident on #I495 WB from Exit 34 - New Hyde Park Road to Exit 33 - Lakeville Road,-73.6917,40.7685
51,2019-09-28 19:49:21,1.1780339757738435e+18,Cleared: Incident on #I495 WB from Exit 34 - New Hyde Park Road to Exit 33 - Lakeville Road,-73.6917,40.7685
53,2019-09-28 19:48:32,1.1780337701690204e+18,Updated: Incident on #I495 WB from Exit 34 - New Hyde Park Road to Exit 33 - Lakeville Road https://t.co/DLB1NEqG6n,-73.6917,40.7685
55,2019-09-28 19:48:32,1.178033769447641e+18,Updated: Incident on #I495 WB from Exit 34 - New Hyde Park Road to Exit 33 - Lakeville Road https://t.co/nCgy3o5lk3,-73.6917,40.7685
57,2019-09-28 19:43:28,1.1780324967112172e+18,"I'm at Historic Hyde Park in Kansas City, MO https://t.co/8Z7wqcvtvY",-94.58185673,39.05993308
59,2019-09-28 19:43:24,1.178032480844165e+18,Incident on #I495 WB from Exit 34 - New Hyde Park Road to Exit 33 - Lakeville Road https://t.co/DLB1NEqG6n,-73.6917,40.7685
61,2019-09-28 19:43:22,1.1780324724262707e+18,Incident on #I495 WB from Exit 34 - New Hyde Park Road to Exit 33 - Lakeville Road https://t.co/nCgy3o5lk3,-73.6917,40.7685
63,2019-09-28 19:43:08,1.1780324127203205e+18,"I'm at Hyde Park Hobbit Hole in Kansas City, MO https://t.co/RLm1uJyxqh",-94.57731698,39.05155488
65,2019-09-28 19:21:32,1.1780269743144223e+18,Samy bishai Laurie Lowe Asaf Sirkis Whirlwind Recordings Robinson Khoury @ Hyde Park https://t.co/hPjHqE353u,-0.16324997,51.50707303
67,2019-09-28 18:46:39,1.178018195913007e+18,"I'm at Stop &amp; Shop in New Hyde Park, NY https://t.co/RDKf5ruAcN",-73.6988181,40.7413893
69,2019-09-28 18:38:36,1.1780161699467633e+18,"Wait for it!!!! Caturdayyyy @lizzo style!!! üòπüòπüòπüòπ #lizzo #caturday #cartoon #mashup @ Hyde Park (Austin, Texas) https://t.co/THaMDgzASy",-97.730278,30.3075
71,2019-09-28 18:23:36,1.1780123987010478e+18,"Lot Release - FREE TACOS &amp; Margaritas 

Hyde Park by Beazer
2908 Hyde Manor Road, 
North Las Vegas, NV 89031‚Ä¶ https://t.co/pKKEsBweCh",-115.2794,36.297779999999996
73,2019-09-28 17:32:50,1.1779996199445668e+18,See y‚Äôall down at @HPJazzFest this weekend. Today with @nickmazzarella Quintet and tomorrow with fittedphonic Rogue‚Ä¶ https://t.co/tCmtAeJXoU,-87.59713442,41.78660233
75,2019-09-28 17:23:10,1.1779971889383547e+18,Nice end to the day working for @beatED a little run round Hyde park. The autumn is approaching üçÇüçÅnow to find out w‚Ä¶ https://t.co/MsRhk8PkIh,-0.16324997,51.50707303
77,2019-09-28 16:41:03,1.1779865903559885e+18,"I'm at BP in New Hyde Park, NY https://t.co/HvMya43I17",-73.66232693,40.74107685
79,2019-09-28 16:34:14,1.177984873698648e+18,"I'm at Best Comics in New Hyde Park, NY https://t.co/1pFBgICPEa",-73.6822723,40.73310641
81,2019-09-28 16:15:39,1.1779801959591813e+18,"MOVE-IN READY! Loaded with character, this adorable cape I'm one of Hyde Park's best neighborhoods is fantastic! To‚Ä¶ https://t.co/Av2dNkxmzn",-71.12395,42.25643
83,2019-09-28 15:48:54,1.177973467414696e+18,This afternoon we visited Kensington Palce and Hyde Park. We saw exhibits on George I &amp; II and Queen Elizabeth. We‚Ä¶ https://t.co/jMCOCFkMxo,-0.18750689,51.50494547
85,2019-09-28 15:34:17,1.177969785650471e+18,"INHALE AND EXHALE
#imisslondon 
#throwback 
#hydepark 
#london
#phuwadonbiere @ Hyde Park https://t.co/RlLLFJef5W",-0.16324997,51.50707303
87,2019-09-28 15:27:34,1.1779680970237256e+18,Here‚Äôs a shocker!!!! My dog talks a little üôÄü§£üôÄüòÇ I think he wants some attention lol üòÜ #puppymomma #puppylove‚Ä¶ https://t.co/6pu2KiTkMf,-81.3314006,43.012581299999994
89,2019-09-28 14:35:24,1.1779549665451704e+18,How‚Äôd you spend your rainy Friday evening? Oh just putting together this massive swing that almost rocked me to sle‚Ä¶ https://t.co/zHmNiGsyKT,-87.59,41.8
91,2019-09-28 14:24:53,1.1779523211768177e+18,"Reggie Thomas w/ ORBERT DAVIS SEXTET: IN THE SPIRIT
SATURDAY, SEPTEMBER 28, 2:30-3:30PM
HYDE PARK UNION CHURCH Hyde‚Ä¶ https://t.co/hOAy79ibF0",-87.59678806,41.79295516
93,2019-09-28 12:51:42,1.177928871003472e+18,"Weekend mood @ Hyde Park, Leeds https://t.co/Fepew4D6xi",-1.57245,53.8114
95,2019-09-28 11:55:43,1.1779147808977265e+18,"Our second day. 

We explored the city again. Found many more red phone booths. Took a walk on the Princess Diana M‚Ä¶ https://t.co/HEqrNB8ziy",-0.12731805,51.50711486
97,2019-09-28 9:45:20,1.177881971944493e+18,"Another fun weekend in London running our event, started the morning with a dance üíÉüèΩ and a hour long walk around Hy‚Ä¶ https://t.co/HQmA6uOe3X",-0.18324368,51.49361418
99,2019-09-28 5:29:33,1.1778175998386995e+18,"This little beauty is everything to me @ Hyde Park (Austin, Texas) https://t.co/fPCVFmC9tT",-97.730278,30.3075
101,2019-09-28 4:13:21,1.1777984262029066e+18,Updated: Construction on #RonkonkomaBranch Both directions from Hicksville Station to New Hyde Park https://t.co/KqSqeu9GEV,-73.526123,40.768058
103,2019-09-28 4:12:24,1.1777981854792253e+18,Updated: Construction on #PortJeffersonBranch Both directions from Hicksville Station to New Hyde Park Station https://t.co/qiRBrAzWYT,-73.526123,40.768058
105,2019-09-28 4:01:36,1.1777954667439964e+18,Construction on #RonkonkomaBranch Both directions from Hicksville Station to New Hyde Park https://t.co/KqSqeu9GEV,-73.526123,40.768058
107,2019-09-28 4:01:36,1.1777954660351877e+18,Construction on #PortJeffersonBranch Both directions from Hicksville Station to New Hyde Park Station https://t.co/qiRBrAzWYT,-73.526123,40.768058
109,2019-09-28 3:01:41,1.177780387092865e+18,"The dream team @ Hyde Park, Massachusetts https://t.co/P5p4LoL5i7",-71.12395,42.25643
111,2019-09-28 1:30:39,1.177757479175803e+18,"#austin #bats #texas #sunset #halloween has arrived early in #hydepark @ Hyde Park (Austin, Texas) https://t.co/v5r3PQrKiu",-97.730278,30.3075
113,2019-09-28 1:29:28,1.1777571822064148e+18,"#texas #flowers #austin #sunset @ Hyde Park (Austin, Texas) https://t.co/A5aRoQDRf8",-97.730278,30.3075
115,2019-09-28 0:39:39,1.1777446466273034e+18,Drinking an Oktoberfest by @Leinenkugels @ Hyde Park Brewing Co. ‚Äî https://t.co/sgVMkcykrB,-73.9294,41.7692
117,2019-09-28 0:07:40,1.1777365949771817e+18,Drinking a Winkle Lager  by @hydeparkbrewing @ Hyde Park Brewing Co. ‚Äî https://t.co/7kKM5D2x6A,-73.9294,41.7692
119,2019-09-27 23:57:09,1.177733950678225e+18,"2908 Hyde Manor Park, North Las Vegas, NV 89031

Everyone stop by for some Free Tacos and Magaritas and maybe by a‚Ä¶ https://t.co/B0sKpHqtt2",-115.2794,36.297779999999996
121,2019-09-27 23:23:10,1.177725397066244e+18,I have my shadow back by my side #ithinkhemissedme #puppymomma #puppylove #puppylifeüêæ #goldendoodlesofinstagram @ H‚Ä¶ https://t.co/d3K1yJOOet,-81.3314006,43.012581299999994
123,2019-09-27 23:03:34,1.1777204629120205e+18,"Can you find the same sight? ü¶¢üåàüòù
#hydeparklondon @ Hyde Park, London https://t.co/eIVyAUfLGa",-0.16964389,51.50732694
125,2019-09-27 22:32:11,1.177712565931008e+18,"This job is now open at TD Bank in #NewHydePark, NY. Follow us and turn on mobile alerts to hear about jobs like th‚Ä¶ https://t.co/XVqFuAmcnX",-73.6997432,40.7391658
127,2019-09-27 21:40:19,1.1776995145908593e+18,"#Chicago 9.28-29 Join FC @ the  Hyde Park Jazz Fest! @voguemagazine #fbf #2104
‚Ä¢
‚Ä¢üåüSat: 1-10pm / Sun 1-7pm 
midway‚Ä¶ https://t.co/eF9vdPXVBf",-87.5962,41.7869
129,2019-09-27 20:43:11,1.1776851343650734e+18,Shit.that.fucking.matters. #the #unexplained #serendipity #connections #roots #love #quotes #qotd #instagood @ Hyde‚Ä¶ https://t.co/WUbg5ZSe4i,-97.730278,30.3075
131,2019-09-27 20:33:14,1.1776826305836933e+18,Downtown Chicago on a rainy afternoon from Hyde Park. #clouds #sky #rain #storm #hazy #lazy #fall #autumn #iphone‚Ä¶ https://t.co/ZAVDV06y2F,-87.6051405,41.79117670000001
133,2019-09-27 19:51:34,1.1776721479902372e+18,"Andrew listed , Andrew sold üëç
üéâ Coming soon üéâ
1 family in New Hyde Park $ 998,000  #Congratulation #Goodjob‚Ä¶ https://t.co/KOjNk0dEd8",-73.69674986,40.75276412
135,2019-09-27 18:45:45,1.1776555834885325e+18,S/o to wellsfargo FOR CORRECTING THIS BS FROM OVER 13YRS AGO ON MY FIRST FOREIGN.... BUT SHIT SHOULD MY MONEY BE WA‚Ä¶ https://t.co/UAAlhr9X8G,-87.59,41.8
137,2019-09-27 18:21:57,1.1776495955911352e+18,"‚Äîüíô (@ Hyde Park - @theroyalparks in London, Greater London) https://t.co/oI1XWjBlwZ",-0.16239166,51.50778088
139,2019-09-27 18:11:14,1.1776468953988178e+18,"Don‚Äôt tell me how to live my life, bathroom sign. @ Hyde Park Kitchen + Bar https://t.co/TqS1e8N0cn",-95.1164766,29.539046799999998
141,2019-09-27 16:12:39,1.1776170525526303e+18,Because sometimes it‚Äôs only ten minutes of calm and fresh air. #affirmations #sunshine #quickreads #bookrec #quotes‚Ä¶ https://t.co/EBXSgt12E7,-97.730278,30.3075
143,2019-09-27 16:07:25,1.1776157378144748e+18,"Performing at Chant Restaurant on October 1, 2019 at 7pm..photographer Jordan Davis will be on deck also. Great mus‚Ä¶ https://t.co/F0pdPW82IH",-87.58872530000001,41.799415100000004
145,2019-09-27 16:00:26,1.1776139794699305e+18,"Nicholas Davis performing live at Chant Restaurant October 12, 2019 at 7pm @ Chant Chinese Restaurant in Hyde Park https://t.co/lc99VyTbUa",-87.59289,41.7995
147,2019-09-27 15:21:28,1.1776041741141115e+18,If you would've told me to run a 5k a few months back I would've cried. Thanks to these at Age UK who pushed me to‚Ä¶ https://t.co/XrhIX1hi0p,-0.17480917,51.50467154
149,2019-09-27 14:57:23,1.177598112551932e+18,"If you're looking for work in #Cincinnati, OH, check out this #branchbanking job via the link in our bio: Universal‚Ä¶ https://t.co/SxCynGcYfY",-84.5120196,39.103118200000004
151,2019-09-27 14:45:35,1.177595144167678e+18,"I'm at Mandarin Oriental Hyde Park - @mo_hotels in London, Gt Lon https://t.co/VnMFtQKIpu",-0.1598675,51.502272999999995
153,2019-09-27 14:36:42,1.1775929093837742e+18,"I'm at Historic Hyde Park in Kansas City, MO https://t.co/5LWQQ0PMso",-94.58185673,39.05993308
155,2019-09-27 14:00:26,1.177583779092656e+18,"See our latest #London, ON #Retail job opportunity and click the link in our bio to apply: barista - Store# 04722,‚Ä¶ https://t.co/gJ6KTKx4XI",-81.33669470000001,43.010290399999995
157,2019-09-27 12:26:12,1.1775600652824003e+18,Great place to be on a beautiful morning. #hydeparkumc (@ Hyde Park United Methodist Church - @hydeparkumc in Tampa‚Ä¶ https://t.co/adPghhLtro,-82.46535301,27.94137472
159,2019-09-27 6:39:23,1.1774727865974743e+18,"I'm at Hyde Park Hobbit Hole in Kansas City, MO https://t.co/8CZXLaYbWP",-94.57731698,39.05155488
161,2019-09-27 5:41:51,1.1774583082417152e+18,"If I could read his mind I‚Äôm betting he‚Äôs thinking, ‚ÄúJust let me know when your done w/that vacuum.‚Äù 
He‚Äôs not a fa‚Ä¶ https://t.co/OqZ90nTQya",-94.21206433,36.27943798
163,2019-09-27 3:10:06,1.1774201200057098e+18,I have enjoyed every second of the last two years. I wouldn‚Äôt change a thing. #lewandme @ Hyde Park Prime Steakhous‚Ä¶ https://t.co/MPQUg3O5ug,-80.0081921,40.44638581
165,2019-09-27 1:22:21,1.1773930024294646e+18,"This girl‚ù£ when you meet those angels on Earth, so blessed to have such special friends that will be mine, for the‚Ä¶ https://t.co/w64KyRet4D",-82.47227608,27.93439252
167,2019-09-27 0:05:09,1.1773735759987712e+18,Hoping one day you‚Äôll make a dream last but dreams come slow and they go so fast üçÇüå∏üåæ em Hyde Park https://t.co/63c5N9mOKz,-0.16324997,51.50707303
169,2019-09-26 20:31:24,1.1773197850020782e+18,This SAT | OCT | 28 we will be throwing a special Independence Day celebration for all our Botswanans out here in t‚Ä¶ https://t.co/NsT765yUBC,-82.47819,27.94173
171,2019-09-26 19:49:13,1.1773091682917253e+18,"#TBT 
4 years ago today myself and Sam were staying in a 5star hotel on Hyde park, Kensington, London VIP guests of‚Ä¶ https://t.co/X6sH26EhBM",-0.3412301,51.4544888
173,2019-09-26 17:48:33,1.1772787993959383e+18,Incident on #PortJeffersonBranch Both directions at New Hyde Park Station https://t.co/OHVGjHchd4,-73.68139599999999,40.730647999999995
175,2019-09-26 16:30:49,1.1772592385376174e+18,It‚Äôs fall y‚Äôall! #schnauzersofinstagram #schnauzer #toddlerlife #momlife #boymom #momsofsouthtampa #southtampa‚Ä¶ https://t.co/iYwLvOqD9Q,-82.4756551,27.936468400000003
177,2019-09-26 16:09:43,1.1772539284818289e+18,"Check out some of our highlights from last Saturday's Family #photographyworkshop in Hyde Park, London, run by Pro‚Ä¶ https://t.co/BAhwkqX1W8",-0.16324997,51.50707303
179,2019-09-26 16:08:55,1.177253725481689e+18,"I'm at Hyde Park Hobbit Hole in Kansas City, MO https://t.co/aRfkYMYbph",-94.57731698,39.05155488
181,2019-09-26 16:08:37,1.177253650768507e+18,"I'm at Historic Hyde Park in Kansas City, MO https://t.co/MpT6I8Aid3",-94.58185673,39.05993308
183,2019-09-26 14:59:59,1.177236378058285e+18,My fav shot from @bbcradio2 Live in Hyde Park as featured in @MusicWeek it's petshopboys their manager Angela Becke‚Ä¶ https://t.co/aq2YGbpCNZ,-0.14369167,51.51840833
185,2019-09-26 11:59:23,1.1771909295281766e+18,Incident on #I495 EB at Exit 34 - New Hyde Park Road https://t.co/DkZRlMw0gY,-73.6917,40.7685
187,2019-09-26 9:56:36,1.177160030421799e+18,Just posted a photo @ Benugo Hyde Park https://t.co/knC6YnA2HM,-0.16016907,51.50499541
189,2019-09-26 7:44:12,1.1771267088828908e+18,I told you my dear @nathaneast : He gets better and better by age:This solo is so personal and I think it is better‚Ä¶ https://t.co/dskx3FkViO,32.65175459,40.01888007
191,2019-09-26 7:41:14,1.1771259637061181e+18,The perfect end to a perfect day!! Thanks everyone for all the love and birthday wishes today!!! @ Historic Hyde Pa‚Ä¶ https://t.co/ZdJB8DCQay,-97.73344820000001,30.29950266
193,2019-09-26 5:37:16,1.1770947661332234e+18,"I'm at Hyde Park Hobbit Hole in Kansas City, MO https://t.co/Wh9Q9lezRk",-94.57731698,39.05155488
195,2019-09-26 5:23:15,1.1770912384299418e+18,Friday 8pm Friends Hyde Park Tavern #livemusic #hydepark #pigsylive #jimmybarnes #inawesomecompany #inxs @ Hyde Par‚Ä¶ https://t.co/kMVR59Znjx,138.60041,-34.95559
197,2019-09-26 3:39:31,1.1770651353342034e+18,Season change @ Hyde Park &amp; Lake Park https://t.co/5OK0FjPPBB,-87.58807577,41.8026502
199,2019-09-26 1:19:17,1.1770298450433393e+18,Construction on #NY61 SB from Hyde Park Boulevard; NY 61 to Highland Avenue https://t.co/dfWd5HeKDl,-79.037902,43.126598
201,2019-09-26 0:40:08,1.1770199912936817e+18,https://t.co/6FtzlqVfyk @nealcasal #celebration #enjoyyourtimehereonthisrock #forevergrateful #forevermissed‚Ä¶ https://t.co/xLfOhMCSEn,-82.4756551,27.936468400000003
203,2019-09-25 21:27:30,1.1769715132090532e+18,Got a designer handbag just sitting in your closet? Put it to work with @TSUChicago‚Äôs special consignment offer thr‚Ä¶ https://t.co/TRVp96piV4,-87.58373,41.79936
205,2019-09-25 20:54:13,1.1769631352673976e+18,His tongue is the equivalent to a human middle finger. He never wants his walks to end üñïüèº#hispoordogwalker @ Hyde P‚Ä¶ https://t.co/0i7H1oQmdV,-87.59,41.8
207,2019-09-25 20:28:41,1.1769567122652365e+18,"Starbucks is hiring in #Cincinnati, OH! Read about our latest #Retail job opening via the link in our bio: shift su‚Ä¶ https://t.co/XBsKO9ZKG4",-84.42905090000001,39.1459329
209,2019-09-25 18:41:15,1.1769296737056768e+18,"I'm at Historic Hyde Park in Kansas City, MO https://t.co/5o5hhu2vI5",-94.58185673,39.05993308
211,2019-09-25 18:40:22,1.176929451659137e+18,"I'm at Hyde Park Hobbit Hole in Kansas City, MO https://t.co/JlO43IrXxF",-94.57731698,39.05155488
213,2019-09-25 18:06:24,1.176920904133206e+18,YOOOOOO!!! MUST-SEE BLACK MOVIES IS BACK WITH HORROR FILMS!!!! EVERY WEDS IN THE MONTH OF OCTOBER YOU CAN COME SEE‚Ä¶ https://t.co/TZQuDZLxI6,-87.58948000000001,41.79979
215,2019-09-25 18:02:13,1.1769198537914204e+18,"19.9.2019 LAUNCHED... #chefnticookbook #mymordenafricankitchen üé•: @ScottHurly @ Exclusive Books, Hyde Park https://t.co/XLrBANs83D",28.03365975,-26.12510063
217,2019-09-25 17:52:08,1.176917312663892e+18,"~
#t
#z
#tz
#atz
#a2z
#clean
#slate
#lace
#wit
#new
#news
#tune
#in
#space
#time
#‚àû
#@ @ Gallery Hyde Park https://t.co/pmXfY93Tx0",-0.1864277,51.5114937
219,2019-09-25 17:38:06,1.1769137811187016e+18,"I'm at Hyde Park - @theroyalparks in London, Greater London https://t.co/qjWqXAWihz https://t.co/q4c44B420Y",-0.16239166,51.50778088
221,2019-09-25 15:24:48,1.1768802383677932e+18,Cleared: Construction on #MainLine Both directions at New Hyde Park,-73.67987600000001,40.731217
223,2019-09-25 15:09:44,1.1768764458109993e+18,"I'm at Hyde Park - @theroyalparks in London, Greater London https://t.co/mElZpktaYf",-0.16239166,51.50778088
225,2019-09-25 15:04:05,1.176875022318592e+18,"Want to work at U.S. Bank? We're hiring in #Cincinnati, OH! Click the link in our bio for details on this job and m‚Ä¶ https://t.co/4NP7eH4RZz",-84.5120196,39.103118200000004
227,2019-09-25 14:48:33,1.1768711163312046e+18,"Early morning training walk in the üåß Not much fun. But at least we have conkers üòÖ

#training #walking #memorywalk‚Ä¶ https://t.co/FZVgoXG4M7",-0.16324997,51.50707303
229,2019-09-25 12:58:59,1.1768435413410038e+18,I love playing - and I love playing with Conkers! They are beautiful in form and feel @ Hyde Park https://t.co/mpsKYnhJPj,-0.16324997,51.50707303
231,2019-09-25 12:39:00,1.1768385120097116e+18,"2019-09-21 5:17 p.m. - An autumnal light beam in #HydeParkVillageVT #autumncolors @ Hyde Park, Vermont https://t.co/5RXUahKzOL",-72.61426,44.596470000000004
233,2019-09-25 11:24:30,1.1768197616841236e+18,"beautiful morning #hydeparkumc (@ Hyde Park United Methodist Church - @hydeparkumc in Tampa, FL)‚Ä¶ https://t.co/xAqTSLBJfU",-82.46535301,27.94137472
235,2019-09-25 11:02:36,1.1768142531368632e+18,Griffith Midwifery girls üñ§üíõ‚ô•Ô∏è #CATSINaM19 @ Sheraton Grand Sydney Hyde Park https://t.co/CFXjyCRuMY,151.2095869,-33.8714912
237,2019-09-25 8:33:38,1.1767767613439263e+18,"I'm at UFC Gym in New Hyde Park, NY https://t.co/IdAUgiUxpG",-73.67365028,40.73495979
239,2019-09-25 1:22:28,1.1766682570650337e+18,"I'm at Hyde Park Hobbit Hole in Kansas City, MO https://t.co/zqEnbQivhW",-94.57731698,39.05155488
241,2019-09-24 23:30:22,1.1766400442467656e+18,If you haven‚Äôt had a chance to see my pure happiness face‚Äîhere it is. London you‚Äôre a dream üè¥Û†ÅßÛ†Å¢Û†Å•Û†ÅÆÛ†ÅßÛ†Åø(this was suppos‚Ä¶ https://t.co/u5vaDY8lAp,-0.16324997,51.50707303
243,2019-09-24 23:22:23,1.1766380349990134e+18,"SS Fall Festival with my dad, noah.r30 and allancoy23 ‚úäüèº @ Hyde Park https://t.co/q4M1QU6CxF",-94.85204837,39.71161061
245,2019-09-24 19:28:27,1.1765791668812431e+18,"You know the vibess üçë @ Hyde Park, Massachusetts https://t.co/VcPxQsjlAc",-71.12395,42.25643
247,2019-09-24 19:11:47,1.1765749692596797e+18,Little Brothers vs. Big Brothers: The adult edition. üòÇ @ Hyde Park ‚Äì Kenwood Historic District https://t.co/f6N6IJOdE4,-87.5975,41.7989
249,2019-09-24 18:22:31,1.176562573057151e+18,"Natureü¶ã @ Hyde Park, London https://t.co/Xu7Rwp2sdp",-0.16964389,51.50732694
251,2019-09-24 18:18:59,1.1765616829839155e+18,SAT | OCT | 12 at thehydeparkcafe @ The Hyde Park Cafe https://t.co/JJcyYgJ1zZ,-82.47819,27.94173
253,2019-09-24 17:31:00,1.176549606605435e+18,Filtered üíÅüèª‚Äç‚ôÄÔ∏è #justme #chicagogirl #chigirl #justagirlfromthechi #boricua #scfilter #snapchatüëª #filters @ Hyde Par‚Ä¶ https://t.co/rrsoF6H3hj,-87.59,41.8
255,2019-09-24 17:25:20,1.1765481826727813e+18,This is my kitty niece Figgie Smalls. She's rilezruffsyou and she's one of 4 kitties in my life that puts up with t‚Ä¶ https://t.co/r58bkaxJcE,-82.4756551,27.936468400000003
257,2019-09-24 17:24:06,1.176547871354757e+18,"I'm at Hyde Park - @theroyalparks in London, Greater London https://t.co/wAY871omJ2",-0.16239166,51.50778088
259,2019-09-24 15:02:55,1.176512341011239e+18,Couldn‚Äôt ‚Äúwish‚Äù for a more beautiful day in Tampa! Come check out Hyde Park and other Tampa landmarks on one of our‚Ä¶ https://t.co/IvbWiJAJlp,-82.4756551,27.936468400000003
261,2019-09-24 14:52:33,1.1765097337144525e+18,Incident on #MainLine at New Hyde Park https://t.co/T1UlvoCyDR,-73.680582,40.730949
263,2019-09-24 14:45:36,1.1765079840647823e+18,"A special thank you to @lesleymofokeng for bringing my stories to life ü§©‚ù§Ô∏èü•Ç ph: @RageInc_ @ Exclusive Books, Hyde P‚Ä¶ https://t.co/pZhiCEgQSV",28.03365975,-26.12510063
265,2019-09-24 13:38:00,1.1764909733140726e+18,"I'm at Historic Hyde Park in Kansas City, MO https://t.co/dSFHzuw8Ew",-94.58185673,39.05993308
267,2019-09-24 13:37:15,1.1764907831401964e+18,"I'm at Hyde Park Hobbit Hole in Kansas City, MO https://t.co/VXQjuZdBpU",-94.57731698,39.05155488
269,2019-09-24 12:54:55,1.1764801315835453e+18,"I'm at UFC Gym in New Hyde Park, NY https://t.co/wdVzOshVAn",-73.67365028,40.73495979
271,2019-09-24 11:08:45,1.1764534098489098e+18,London .. I like you @ Hyde Park https://t.co/9ZcfhsjZkS,-0.16324997,51.50707303
273,2019-09-24 11:05:36,1.1764526185641329e+18,"Just posted a photo @ Hyde Park, Jacksonville West https://t.co/tv4cmOADic",-81.75826406,30.28525142
275,2019-09-24 8:27:42,1.1764128803858432e+18,"If you live in Hyde Park, ROSLINDALE or Mattapan vote for our friend Ricardo Arroyo Today!!! Tuesday, September 24t‚Ä¶ https://t.co/x3Ac2t0M47",-71.05799,42.36033
277,2019-09-24 8:27:04,1.1764127222647767e+18,"If you live in Hyde Park, ROSLINDALE or Mattapan vote for our friend Ricardo Arroyo Today!!! Tuesday, September 24t‚Ä¶ https://t.co/vioSPQa8AN",-71.05799,42.36033
279,2019-09-24 8:26:00,1.176412456035455e+18,"If you live in Hyde Park, ROSLINDALE or Mattapan vote for our friend Ricardo Arroyo Today!!! Tuesday, September 24t‚Ä¶ https://t.co/8TteievP77",-71.05799,42.36033
281,2019-09-24 4:38:15,1.1763551386860626e+18,Making my way through my Star Trek list. As I type this I'm in the beginning of Star Trek IV. I'm using Hulu to wat‚Ä¶ https://t.co/uFR1Krv883,-71.12395,42.25643
283,2019-09-24 2:02:38,1.1763159781012685e+18,"I'm at bartaco Hyde Park - @bartacolife in Tampa, FL https://t.co/lTcyte0tdL",-82.4761944,27.9362528
285,2019-09-24 1:54:16,1.1763138729087386e+18,"I'm at Hyde Park in Tampa, FL https://t.co/IMdzC4YKGc",-82.47672732,27.93507926
287,2019-09-24 1:27:02,1.176307019470508e+18,Post-wedding side trip to Hyde Park to visit the FDR home and library. So much history transpired right here. You c‚Ä¶ https://t.co/RfMDZEK7Sq,-73.93387513,41.76996718
289,2019-09-23 23:31:33,1.1762779577335194e+18,revbrewchicago / @hopbutcher Base West Coast Style IPA 6.0% ABV | #beergangchicago #beergang #craftbeer‚Ä¶ https://t.co/JuD84b7D0e,-87.59,41.8
291,2019-09-23 20:05:14,1.1762260332568617e+18,"Shop while great local DJs spin! Join us on Thursday, September 26 at the Hyde Park Farmers Market for music from D‚Ä¶ https://t.co/z8tVVM71rO",-87.58799509999999,41.7998315
293,2019-09-23 19:37:15,1.1762189941535334e+18,"Ahhhhhh.... Later than I would like, but poolside quiet time feeds my soul. üíõ‚òÄÔ∏èüåº#happyplace #vitamind #sunshine‚Ä¶ https://t.co/EphC0a92Gd",-97.730278,30.3075
295,2019-09-23 18:08:09,1.1761965704143462e+18,"Blessed. @ Hyde Park, London https://t.co/RAdA9s6z5b",-0.16964389,51.50732694
297,2019-09-23 16:35:05,1.1761731498487767e+18,The ‚ÄúWelcome to Hyde Park‚Äù website and app is what you need for where to go and what to do in the area ‚Äì helping yo‚Ä¶ https://t.co/UAodeL7zw4,-87.5885162,41.7994156
299,2019-09-23 16:07:28,1.1761661973663334e+18,Just posted a photo @ Hyde Park https://t.co/3FsodeO5pO,-0.16324997,51.50707303
301,2019-09-23 16:06:35,1.1761659783187497e+18,"I'm at Orthopedics / Rheumatology in North New Hyde Park, NY https://t.co/hGwqgBHhYb",-73.69192,40.75591
303,2019-09-23 15:26:34,1.176155906519851e+18,Cleared: Incident on #NY115 SB at Town of Hyde Park; Town of Pleasant Valley Line,-73.85479699999999,41.75
305,2019-09-23 15:26:33,1.1761559022290412e+18,Cleared: Incident on #NY115 SB at Town of Hyde Park; Town of Pleasant Valley Line,-73.85479699999999,41.75
307,2019-09-23 14:26:26,1.1761407732025672e+18,Incident on #NY115 SB at Town of Hyde Park; Town of Pleasant Valley Line https://t.co/mHjz7qrPeq,-73.85479699999999,41.75
309,2019-09-23 13:39:13,1.1761288881430118e+18,"I'm at UFC Gym in New Hyde Park, NY https://t.co/SWYELQLF24",-73.67365028,40.73495979
311,2019-09-23 13:06:04,1.176120547765293e+18,"I'm at Hyde Park - @theroyalparks in London, Greater London https://t.co/1JiuBdvoAc",-0.16239166,51.50778088
313,2019-09-23 11:28:44,1.176096051482243e+18,"I used to think the one in Hyde Park was bad but every time I come here it‚Äôs something. Not accepting cash, cards,‚Ä¶ https://t.co/piJOb08gr6",-87.61675156,41.84708764
315,2019-09-23 11:12:54,1.1760920673002824e+18,"I'm at Historic Hyde Park in Kansas City, MO https://t.co/9OyOhLVELg",-94.58185673,39.05993308
317,2019-09-23 11:12:23,1.1760919376501596e+18,"I'm at Hyde Park Hobbit Hole in Kansas City, MO https://t.co/nnavV2ubmf",-94.57731698,39.05155488
319,2019-09-23 10:07:05,1.1760755035282842e+18,Friday Night Friends Join Me #livemusic #jimmybarnes #dragon #cher #stereophonics @ Hyde Park Tavern https://t.co/MEJVnLZfP3,138.60041,-34.95559
321,2019-09-23 6:41:09,1.176023678921904e+18,I'm at Park Grand London Hyde Park in London https://t.co/k66ZSwxugg,-0.18035811,51.51564595
323,2019-09-23 4:11:54,1.1759861191183974e+18,"Time to have a baby (@ Katz Women's Hospital in New Hyde Park, NY) https://t.co/YFx3lXSFqP https://t.co/gmAbjmG6lf",-73.70620699999999,40.755051
325,2019-09-23 3:02:40,1.1759686963193037e+18,My little champ finished her first 10 miler  with ease! üôå #keeppushing #onetoughpup #nosweat #letsdoitagain @ Hyde‚Ä¶ https://t.co/gIwOg6z4Ge,-89.83298274,35.13869446
327,2019-09-22 22:49:36,1.175905010149933e+18,The most wonderful people *officially* commencing the most joyous marriage ü•∞ @ The Inn at New Hyde Park https://t.co/fSVyHdq8QS,-73.6920095,40.73070332
329,2019-09-22 21:49:34,1.1758899024934175e+18,buddycav mrtravellingman @TwoHalves45 sydney My first time staying at the vibehotels in #Sydney near Hyde Park.  Re‚Ä¶ https://t.co/qzIICfjFRg,151.2095108,-33.87838509
331,2019-09-22 21:41:28,1.1758878644181975e+18,"At the Canadian memorial backed by autumnal foliage üçÅüçÇ
Thank you Lynn for this lovely shot and our meet up after 9‚Ä¶ https://t.co/sqQIVYWNy2",-0.16324997,51.50707303
333,2019-09-22 21:33:43,1.175885912271655e+18,I'm at Park Grand London Hyde Park in London https://t.co/E7abRk4XCH,-0.18035811,51.51564595
335,2019-09-22 21:06:45,1.1758791263911854e+18,"Sitting so pretty for mom
 üíôüêæüíô
#autumnvibesüçÅ #autumnishereüçÇ @ Hyde Park https://t.co/qfQ5wpSiYe",-81.3314006,43.012581299999994
337,2019-09-22 20:02:03,1.175862845755388e+18,"Happy mind, happy life #partytimeüéâ #floatinghead #alexassweet16 @ The Inn at New Hyde Park https://t.co/1jbgggNEd4",-73.6920095,40.73070332
339,2019-09-22 18:52:31,1.1758453455212093e+18,FIND YOUR FIT #drivenfit #tampabay #personaltrainers @ Hyde Park (Tampa) https://t.co/IBUKu1JUsV,-82.47227608,27.93439252
341,2019-09-22 18:52:07,1.1758452471018783e+18,Come check me out @ the Hyde Park Handmade Bazaar @ The Promontory (2nd floor)! I'll be here serving you smiles &amp; C‚Ä¶ https://t.co/bKt1vxelTj,-87.5875755,41.7991291
343,2019-09-22 18:43:56,1.1758431885417103e+18,"I'm at South Hyde Park Playground in Kansas City, MO https://t.co/2EPtCzbqWi",-94.57731698,39.05166039
345,2019-09-22 17:31:54,1.1758250609861468e+18,Memphis morning miles with Mike ü•∞ #mmmm #yaybikes #victorycyclingclub #coupleswhoridetogether @ Hyde Lake at Shelby‚Ä¶ https://t.co/ctDS1vivoz,-89.83298274,35.13869446
347,2019-09-22 15:27:03,1.175793641421443e+18,"I'm at Hyde Park - @theroyalparks in London, Greater London https://t.co/TELklIVoGr https://t.co/3mxwyJGsjV",-0.16239166,51.50778088
349,2019-09-28 18:11:34,1.1780093674441032e+18,"Regents Park.
London, UK
.
üì∏ Canon EOS 3 + 50mm
Film : Lomography Colour Negative 400
.
#heylomography #lomocn400‚Ä¶ https://t.co/UpLwhzwWbV",-0.15666667,51.53222222
351,2019-09-26 14:51:50,1.1772343286082232e+18,"Trent Saunders, backstage at Evita, Regents Park Open Air Theatre
‚Ä¢‚Ä¢‚Ä¢
Slither of light and a slither of time to cat‚Ä¶ https://t.co/Q0yqYhlsUO",-0.15455357,51.52822941
353,2019-09-26 10:36:46,1.177170139667673e+18,True dat is ! @ Regents Park Community College https://t.co/K5vJVFfDKj,-1.44164,50.9226
355,2019-09-25 15:42:57,1.1768848042995261e+18,Best office ever! üëåüèº @ Regents Park English Gardens https://t.co/1WeNXBx40v,-0.14763566,51.52658848
357,2019-09-24 16:50:43,1.176539471300485e+18,ü§î Did you know that our Green Room used to be called SUNSET? This is because it‚Äôs previous incarnation in our old b‚Ä¶ https://t.co/6Xa5LFcMpq,-0.14018074,51.52584137
359,2019-09-23 15:42:16,1.1761598555492557e+18,"Lazy little buggers....
#catsofinstagram #kittens #brothers redridingfox77 @ Regents Park, Southampton https://t.co/uQdwSW3hCO",-1.44493609,50.91937495
361,2019-09-22 11:53:23,1.1757398679904952e+18,Dior Dior @ Regents Park https://t.co/dEJcSXPq0h,-0.17815479999999997,51.5340876
363,2019-09-22 8:00:46,1.1756813299225477e+18,Beautiful afternoon yesterday reading in the park and waiting to pick up @TripGaley from Euston. @ Regents Park Eng‚Ä¶ https://t.co/TZaqNnQGff,-0.14763566,51.52658848
365,2019-09-22 5:26:08,1.1756424130896773e+18,Just posted a photo @ Regents Park https://t.co/jJIL0Sm2WX,-0.17815479999999997,51.5340876
367,2019-09-20 10:50:18,1.174999216537723e+18,‚ô•Ô∏è #friendshipgoals #weekend #summer #summer2019 #somuchlove #wecute #blogger #londonblogger @ Regents Park https://t.co/vNwiNwKzEK,-0.17815479999999997,51.5340876
